None,None,MAIN SKU,VARIANT SKU,None,Add to Collection,None,Title = Col_F (Col_H),None,None,None,None,None,None,None,Tags,TurnedOn,None,None,None,None,None,None,None,None,None,None,None,None,None,None,None,None,None,None,None,None,None,None,None,None,None,None,None,None,None,None,None,None,None,TurnedOn,None,None,None,None,None,None,None,None,None,None,None,None,None,None,None,None,None,None,None,None,None,None,None,None,None,None,None,None,None
None,None,None,None,W/C,None,W/C,None,W/C,W,W,None,W/C,None,None,W/C,W,W,W,W,W,W,W,W,W,W,W,W,W,W,W,W,W,W,W,W,W,W,W/C,W,W,W,W,W,W,W,W,W,C,C,C,C,C,C,C,C,C,C,C,C,C,C,C,C,C,C,C,C,C,C,C,C,C,C,C,C,C,C,C,None
None,None,None,None,14,None,9,None,2,3,4,1,5,None,None,6,7,15,17,18,19,20,21,22,23,24,25,26,27,28,29,30,31,32,33,34,35,36,37,38,39,40,41,42,43,44,45,46,3,4,7,15,17,18,19,20,21,22,23,24,28,29,30,31,32,33,34,35,36,37,38,39,40,41,42,43,44,45,46,None
None,None,None,None,Variant SKU,None,Option1 Value,None,Title,Body (HTML),Vendor,Handle,Type,None,None,Tags,Published,Variant Grams,Variant Inventory Qty,Variant Inventory Policy,Variant Fulfillment Service,Variant Price,Variant Compare At Price,Variant Requires Shipping,Variant Taxable,Variant Barcode,Image Src,Image Position,Image Alt Text,Gift Card,Google Shopping / MPN,Google Shopping / Age Group,Google Shopping / Gender,Google Shopping / Google Product Category,SEO Title,SEO Description,Google Shopping / AdWords Grouping,Google Shopping / AdWords Labels,Google Shopping / Condition,Google Shopping / Custom Product,Google Shopping / Custom Label 0,Google Shopping / Custom Label 1,Google Shopping / Custom Label 2,Google Shopping / Custom Label 3,Google Shopping / Custom Label 4,Variant Image,Variant Weight Unit,Variant Tax Code,Body (HTML),Vendor,Published,Variant Grams,Variant Inventory Qty,Variant Inventory Policy,Variant Fulfillment Service,Variant Price,Variant Compare At Price,Variant Requires Shipping,Variant Taxable,Variant Barcode,Gift Card,Google Shopping / MPN,Google Shopping / Age Group,Google Shopping / Gender,Google Shopping / Google Product Category,SEO Title,SEO Description,Google Shopping / AdWords Grouping,Google Shopping / AdWords Labels,Google Shopping / Condition,Google Shopping / Custom Product,Google Shopping / Custom Label 0,Google Shopping / Custom Label 1,Google Shopping / Custom Label 2,Google Shopping / Custom Label 3,Google Shopping / Custom Label 4,Variant Image,Variant Weight Unit,Variant Tax Code,None
Order,Simple Product Code,State+Unique,Product Code,Variant SKU,Series,Option1 Value,Color,Title,Body (HTML),Vendor,Handle,Type,Type/Option,Size,Tags,Published,Variant Grams,Variant Inventory Qty,Variant Inventory Policy,Variant Fulfillment Service,Variant Price,Variant Compare At Price,Variant Requires Shipping,Variant Taxable,Variant Barcode,Image Src,Image Position,Image Alt Text,Gift Card,Google Shopping / MPN,Google Shopping / Age Group,Google Shopping / Gender,Google Shopping / Google Product Category,SEO Title,SEO Description,Google Shopping / AdWords Grouping,Google Shopping / AdWords Labels,Google Shopping / Condition,Google Shopping / Custom Product,Google Shopping / Custom Label 0,Google Shopping / Custom Label 1,Google Shopping / Custom Label 2,Google Shopping / Custom Label 3,Google Shopping / Custom Label 4,Variant Image,Variant Weight Unit,Variant Tax Code,Body (HTML),Vendor,Published,Variant Grams,Variant Inventory Qty,Variant Inventory Policy,Variant Fulfillment Service,Variant Price,Variant Compare At Price,Variant Requires Shipping,Variant Taxable,Variant Barcode,Gift Card,Google Shopping / MPN,Google Shopping / Age Group,Google Shopping / Gender,Google Shopping / Google Product Category,SEO Title,SEO Description,Google Shopping / AdWords Grouping,Google Shopping / AdWords Labels,Google Shopping / Condition,Google Shopping / Custom Product,Google Shopping / Custom Label 0,Google Shopping / Custom Label 1,Google Shopping / Custom Label 2,Google Shopping / Custom Label 3,Google Shopping / Custom Label 4,Variant Image,Variant Weight Unit,Variant Tax Code,None
1,A,121001,110,121001-110,ICONIC Alaska,"Design Only, Digital File",Black & Gray,"ICONIC Alaska - Design Only, Digital File (Black & Gray)",Applied Logic by ZM,DW,ICONIC Alaska_121001-110,"Design Only, Digital File",Design Only,Digital File,"AK, Alaska, ,,,State,,,ICONIC Alaska",TRUE,0,1,", ",manual,0,0,TRUE,TRUE,121001-110,https://drive.google.com/open?id=1pL1UbunvELSp_8L8zM1Q4LN68BOYmsxI,None,None,None,None,None,None,None,None,None,None,None,0,None,None,None,None,None,None,None,None,None,Applied Logic by ZM,DW,TRUE,0,1,deny,manual,0,0,TRUE,TRUE,121001-110,None,None,None,None,None,None,None,None,None,None,None,None,None,None,None,None,None,None,None,None
1,B,121001,236,121001-236,ICONIC Alaska,"Print, 12"" x 12""",Black & Gray,"ICONIC Alaska - Print, 12"" x 12"" (Black & Gray)",Applied Logic by ZM,SP,ICONIC Alaska_121001-236,"Print, 12"" x 12""",Print,"12"" x 12""","AK, Alaska, ,,,State,,,ICONIC Alaska",TRUE,3,1,"6, 6",manual,9.6,9.6,TRUE,TRUE,121001-236,https://drive.google.com/open?id=1pL1UbunvELSp_8L8zM1Q4LN68BOYmsxI,None,None,None,None,None,None,None,None,None,None,None,24,None,None,None,None,None,None,None,None,None,Applied Logic by ZM,SP,TRUE,3,1,deny,manual,24,24,TRUE,TRUE,121001-236,None,None,None,None,None,None,None,None,None,None,None,None,None,None,None,None,None,None,None,None
1,C,121001,241,121001-241,ICONIC Alaska,"Print, 18"" x 24""",Black & Gray,"ICONIC Alaska - Print, 18"" x 24"" (Black & Gray)",Applied Logic by ZM,SP,ICONIC Alaska_121001-241,"Print, 18"" x 24""",Print,"18"" x 24""","AK, Alaska, ,,,State,,,ICONIC Alaska",TRUE,6,1,"6, 6",manual,14,14,TRUE,TRUE,121001-241,https://drive.google.com/open?id=1pL1UbunvELSp_8L8zM1Q4LN68BOYmsxI,None,None,None,None,None,None,None,None,None,None,None,35,None,None,None,None,None,None,None,None,None,Applied Logic by ZM,SP,TRUE,6,1,deny,manual,35,35,TRUE,TRUE,121001-241,None,None,None,None,None,None,None,None,None,None,None,None,None,None,None,None,None,None,None,None
1,D,121001,381,121001-381,ICONIC Alaska,"Pallet Art, 10"" x 16""",Black & Gray,"ICONIC Alaska - Pallet Art, 10"" x 16"" (Black & Gray)",Applied Logic by ZM,AR,ICONIC Alaska_121001-381,"Pallet Art, 10"" x 16""",Pallet Art,"10"" x 16""","AK, Alaska, ,,,State,,,ICONIC Alaska",TRUE,12,1,"6, 6",manual,14,14,TRUE,TRUE,121001-381,https://drive.google.com/open?id=1pL1UbunvELSp_8L8zM1Q4LN68BOYmsxI,None,None,None,None,None,None,None,None,None,None,None,35,None,None,None,None,None,None,None,None,None,Applied Logic by ZM,AR,TRUE,12,1,deny,manual,35,35,TRUE,TRUE,121001-381,None,None,None,None,None,None,None,None,None,None,None,None,None,None,None,None,None,None,None,None
1,F,121001,790,121001-790,ICONIC Alaska,"12"" X 12"" Print + Frame (Black)",Black & Gray,"ICONIC Alaska - 12"" X 12"" Print + Frame (Black) (Black & Gray)",Applied Logic by ZM,SP+AR,ICONIC Alaska_121001-790,"12"" X 12"" Print + Frame (Black)",Print + Frame (Black),"12"" x 12""","AK, Alaska, ,,,State,,,ICONIC Alaska",TRUE,13,1,"6, 6",manual,19.6,19.6,TRUE,TRUE,121001-790,https://drive.google.com/open?id=1pL1UbunvELSp_8L8zM1Q4LN68BOYmsxI,None,None,None,None,None,None,None,None,None,None,None,49,None,None,None,None,None,None,None,None,None,Applied Logic by ZM,SP+AR,TRUE,13,1,deny,manual,49,49,TRUE,TRUE,121001-790,None,None,None,None,None,None,None,None,None,None,None,None,None,None,None,None,None,None,None,None
1,G,121001,791,121001-791,ICONIC Alaska,"12"" x 12"" Print + Frame (White)",Black & Gray,"ICONIC Alaska - 12"" x 12"" Print + Frame (White) (Black & Gray)",Applied Logic by ZM,SP+AR,ICONIC Alaska_121001-791,"12"" x 12"" Print + Frame (White)",Print + Frame (White),"12"" x 12""","AK, Alaska, ,,,State,,,ICONIC Alaska",TRUE,13,1,"6, 6",manual,19.6,19.6,TRUE,TRUE,121001-791,https://drive.google.com/open?id=1pL1UbunvELSp_8L8zM1Q4LN68BOYmsxI,None,None,None,None,None,None,None,None,None,None,None,49,None,None,None,None,None,None,None,None,None,Applied Logic by ZM,SP+AR,TRUE,13,1,deny,manual,49,49,TRUE,TRUE,121001-791,None,None,None,None,None,None,None,None,None,None,None,None,None,None,None,None,None,None,None,None
1,H,121001,792,121001-792,ICONIC Alaska,"18"" x 24"" Print + Frame (Black)",Black & Gray,"ICONIC Alaska - 18"" x 24"" Print + Frame (Black) (Black & Gray)",Applied Logic by ZM,SP+AR,ICONIC Alaska_121001-792,"18"" x 24"" Print + Frame (Black)",Print + Frame (Black),"18"" x 24""","AK, Alaska, ,,,State,,,ICONIC Alaska",TRUE,20,1,"6, 6",manual,40,40,TRUE,TRUE,121001-792,https://drive.google.com/open?id=1pL1UbunvELSp_8L8zM1Q4LN68BOYmsxI,None,None,None,None,None,None,None,None,None,None,None,100,None,None,None,None,None,None,None,None,None,Applied Logic by ZM,SP+AR,TRUE,20,1,deny,manual,100,100,TRUE,TRUE,121001-792,None,None,None,None,None,None,None,None,None,None,None,None,None,None,None,None,None,None,None,None
1,I,121001,793,121001-793,ICONIC Alaska,"18"" x 24"" Print + Frame (White)",Black & Gray,"ICONIC Alaska - 18"" x 24"" Print + Frame (White) (Black & Gray)",Applied Logic by ZM,SP+AR,ICONIC Alaska_121001-793,"18"" x 24"" Print + Frame (White)",Print + Frame (White),"18"" x 24""","AK, Alaska, ,,,State,,,ICONIC Alaska",TRUE,20,1,"6, 6",manual,40,40,TRUE,TRUE,121001-793,https://drive.google.com/open?id=1pL1UbunvELSp_8L8zM1Q4LN68BOYmsxI,None,None,None,None,None,None,None,None,None,None,None,100,None,None,None,None,None,None,None,None,None,Applied Logic by ZM,SP+AR,TRUE,20,1,deny,manual,100,100,TRUE,TRUE,121001-793,None,None,None,None,None,None,None,None,None,None,None,None,None,None,None,None,None,None,None,None
7,A,111001,110,111001-110,ICONIC Alabama,"Design Only, Digital File",Black & Gray,"ICONIC Alabama - Design Only, Digital File (Black & Gray)",Applied Logic by ZM,DW,ICONIC Alabama_111001-110,"Design Only, Digital File",Design Only,Digital File,"AL, Alabama, ,,,State,,,ICONIC Alabama",TRUE,0,1,", ",manual,0,0,TRUE,TRUE,111001-110,https://drive.google.com/open?id=1pL1UbunvELSp_8L8zM1Q4LN68BOYmsxI,None,None,None,None,None,None,None,None,None,None,None,0,None,None,None,None,None,None,None,None,None,Applied Logic by ZM,DW,TRUE,0,1,deny,manual,0,0,TRUE,TRUE,111001-110,None,None,None,None,None,None,None,None,None,None,None,None,None,None,None,None,None,None,None,None
7,B,111001,236,111001-236,ICONIC Alabama,"Print, 12"" x 12""",Black & Gray,"ICONIC Alabama - Print, 12"" x 12"" (Black & Gray)",Applied Logic by ZM,SP,ICONIC Alabama_111001-236,"Print, 12"" x 12""",Print,"12"" x 12""","AL, Alabama, ,,,State,,,ICONIC Alabama",TRUE,3,1,"6, 6",manual,9.6,9.6,TRUE,TRUE,111001-236,https://drive.google.com/open?id=1pL1UbunvELSp_8L8zM1Q4LN68BOYmsxI,None,None,None,None,None,None,None,None,None,None,None,24,None,None,None,None,None,None,None,None,None,Applied Logic by ZM,SP,TRUE,3,1,deny,manual,24,24,TRUE,TRUE,111001-236,None,None,None,None,None,None,None,None,None,None,None,None,None,None,None,None,None,None,None,None
7,C,111001,241,111001-241,ICONIC Alabama,"Print, 18"" x 24""",Black & Gray,"ICONIC Alabama - Print, 18"" x 24"" (Black & Gray)",Applied Logic by ZM,SP,ICONIC Alabama_111001-241,"Print, 18"" x 24""",Print,"18"" x 24""","AL, Alabama, ,,,State,,,ICONIC Alabama",TRUE,6,1,"6, 6",manual,14,14,TRUE,TRUE,111001-241,https://drive.google.com/open?id=1pL1UbunvELSp_8L8zM1Q4LN68BOYmsxI,None,None,None,None,None,None,None,None,None,None,None,35,None,None,None,None,None,None,None,None,None,Applied Logic by ZM,SP,TRUE,6,1,deny,manual,35,35,TRUE,TRUE,111001-241,None,None,None,None,None,None,None,None,None,None,None,None,None,None,None,None,None,None,None,None
7,D,111001,381,111001-381,ICONIC Alabama,"Pallet Art, 10"" x 16""",Black & Gray,"ICONIC Alabama - Pallet Art, 10"" x 16"" (Black & Gray)",Applied Logic by ZM,AR,ICONIC Alabama_111001-381,"Pallet Art, 10"" x 16""",Pallet Art,"10"" x 16""","AL, Alabama, ,,,State,,,ICONIC Alabama",TRUE,12,1,"6, 6",manual,14,14,TRUE,TRUE,111001-381,https://drive.google.com/open?id=1pL1UbunvELSp_8L8zM1Q4LN68BOYmsxI,None,None,None,None,None,None,None,None,None,None,None,35,None,None,None,None,None,None,None,None,None,Applied Logic by ZM,AR,TRUE,12,1,deny,manual,35,35,TRUE,TRUE,111001-381,None,None,None,None,None,None,None,None,None,None,None,None,None,None,None,None,None,None,None,None
7,F,111001,790,111001-790,ICONIC Alabama,"12"" X 12"" Print + Frame (Black)",Black & Gray,"ICONIC Alabama - 12"" X 12"" Print + Frame (Black) (Black & Gray)",Applied Logic by ZM,SP+AR,ICONIC Alabama_111001-790,"12"" X 12"" Print + Frame (Black)",Print + Frame (Black),"12"" x 12""","AL, Alabama, ,,,State,,,ICONIC Alabama",TRUE,13,1,"6, 6",manual,19.6,19.6,TRUE,TRUE,111001-790,https://drive.google.com/open?id=1pL1UbunvELSp_8L8zM1Q4LN68BOYmsxI,None,None,None,None,None,None,None,None,None,None,None,49,None,None,None,None,None,None,None,None,None,Applied Logic by ZM,SP+AR,TRUE,13,1,deny,manual,49,49,TRUE,TRUE,111001-790,None,None,None,None,None,None,None,None,None,None,None,None,None,None,None,None,None,None,None,None
7,G,111001,791,111001-791,ICONIC Alabama,"12"" x 12"" Print + Frame (White)",Black & Gray,"ICONIC Alabama - 12"" x 12"" Print + Frame (White) (Black & Gray)",Applied Logic by ZM,SP+AR,ICONIC Alabama_111001-791,"12"" x 12"" Print + Frame (White)",Print + Frame (White),"12"" x 12""","AL, Alabama, ,,,State,,,ICONIC Alabama",TRUE,13,1,"6, 6",manual,19.6,19.6,TRUE,TRUE,111001-791,https://drive.google.com/open?id=1pL1UbunvELSp_8L8zM1Q4LN68BOYmsxI,None,None,None,None,None,None,None,None,None,None,None,49,None,None,None,None,None,None,None,None,None,Applied Logic by ZM,SP+AR,TRUE,13,1,deny,manual,49,49,TRUE,TRUE,111001-791,None,None,None,None,None,None,None,None,None,None,None,None,None,None,None,None,None,None,None,None
7,H,111001,792,111001-792,ICONIC Alabama,"18"" x 24"" Print + Frame (Black)",Black & Gray,"ICONIC Alabama - 18"" x 24"" Print + Frame (Black) (Black & Gray)",Applied Logic by ZM,SP+AR,ICONIC Alabama_111001-792,"18"" x 24"" Print + Frame (Black)",Print + Frame (Black),"18"" x 24""","AL, Alabama, ,,,State,,,ICONIC Alabama",TRUE,20,1,"6, 6",manual,40,40,TRUE,TRUE,111001-792,https://drive.google.com/open?id=1pL1UbunvELSp_8L8zM1Q4LN68BOYmsxI,None,None,None,None,None,None,None,None,None,None,None,100,None,None,None,None,None,None,None,None,None,Applied Logic by ZM,SP+AR,TRUE,20,1,deny,manual,100,100,TRUE,TRUE,111001-792,None,None,None,None,None,None,None,None,None,None,None,None,None,None,None,None,None,None,None,None
7,I,111001,793,111001-793,ICONIC Alabama,"18"" x 24"" Print + Frame (White)",Black & Gray,"ICONIC Alabama - 18"" x 24"" Print + Frame (White) (Black & Gray)",Applied Logic by ZM,SP+AR,ICONIC Alabama_111001-793,"18"" x 24"" Print + Frame (White)",Print + Frame (White),"18"" x 24""","AL, Alabama, ,,,State,,,ICONIC Alabama",TRUE,20,1,"6, 6",manual,40,40,TRUE,TRUE,111001-793,https://drive.google.com/open?id=1pL1UbunvELSp_8L8zM1Q4LN68BOYmsxI,None,None,None,None,None,None,None,None,None,None,None,100,None,None,None,None,None,None,None,None,None,Applied Logic by ZM,SP+AR,TRUE,20,1,deny,manual,100,100,TRUE,TRUE,111001-793,None,None,None,None,None,None,None,None,None,None,None,None,None,None,None,None,None,None,None,None
13,A,101001,110,101001-110,ICONIC ALL,"Design Only, Digital File",Black & Gray,"ICONIC ALL - Design Only, Digital File (Black & Gray)",Applied Logic by ZM,DW,ICONIC ALL_101001-110,"Design Only, Digital File",Design Only,Digital File,"ALL, ALL, ,,,State,,,ICONIC ALL",TRUE,0,1,", ",manual,0,0,TRUE,TRUE,101001-110,https://drive.google.com/open?id=1pL1UbunvELSp_8L8zM1Q4LN68BOYmsxI,None,None,None,None,None,None,None,None,None,None,None,0,None,None,None,None,None,None,None,None,None,Applied Logic by ZM,DW,TRUE,0,1,deny,manual,0,0,TRUE,TRUE,101001-110,None,None,None,None,None,None,None,None,None,None,None,None,None,None,None,None,None,None,None,None
13,B,101001,236,101001-236,ICONIC ALL,"Print, 12"" x 12""",Black & Gray,"ICONIC ALL - Print, 12"" x 12"" (Black & Gray)",Applied Logic by ZM,SP,ICONIC ALL_101001-236,"Print, 12"" x 12""",Print,"12"" x 12""","ALL, ALL, ,,,State,,,ICONIC ALL",TRUE,3,1,"6, 6",manual,9.6,9.6,TRUE,TRUE,101001-236,https://drive.google.com/open?id=1pL1UbunvELSp_8L8zM1Q4LN68BOYmsxI,None,None,None,None,None,None,None,None,None,None,None,24,None,None,None,None,None,None,None,None,None,Applied Logic by ZM,SP,TRUE,3,1,deny,manual,24,24,TRUE,TRUE,101001-236,None,None,None,None,None,None,None,None,None,None,None,None,None,None,None,None,None,None,None,None
13,C,101001,241,101001-241,ICONIC ALL,"Print, 18"" x 24""",Black & Gray,"ICONIC ALL - Print, 18"" x 24"" (Black & Gray)",Applied Logic by ZM,SP,ICONIC ALL_101001-241,"Print, 18"" x 24""",Print,"18"" x 24""","ALL, ALL, ,,,State,,,ICONIC ALL",TRUE,6,1,"6, 6",manual,14,14,TRUE,TRUE,101001-241,https://drive.google.com/open?id=1pL1UbunvELSp_8L8zM1Q4LN68BOYmsxI,None,None,None,None,None,None,None,None,None,None,None,35,None,None,None,None,None,None,None,None,None,Applied Logic by ZM,SP,TRUE,6,1,deny,manual,35,35,TRUE,TRUE,101001-241,None,None,None,None,None,None,None,None,None,None,None,None,None,None,None,None,None,None,None,None
13,D,101001,381,101001-381,ICONIC ALL,"Pallet Art, 10"" x 16""",Black & Gray,"ICONIC ALL - Pallet Art, 10"" x 16"" (Black & Gray)",Applied Logic by ZM,AR,ICONIC ALL_101001-381,"Pallet Art, 10"" x 16""",Pallet Art,"10"" x 16""","ALL, ALL, ,,,State,,,ICONIC ALL",TRUE,12,1,"6, 6",manual,14,14,TRUE,TRUE,101001-381,https://drive.google.com/open?id=1pL1UbunvELSp_8L8zM1Q4LN68BOYmsxI,None,None,None,None,None,None,None,None,None,None,None,35,None,None,None,None,None,None,None,None,None,Applied Logic by ZM,AR,TRUE,12,1,deny,manual,35,35,TRUE,TRUE,101001-381,None,None,None,None,None,None,None,None,None,None,None,None,None,None,None,None,None,None,None,None
13,F,101001,790,101001-790,ICONIC ALL,"12"" X 12"" Print + Frame (Black)",Black & Gray,"ICONIC ALL - 12"" X 12"" Print + Frame (Black) (Black & Gray)",Applied Logic by ZM,SP+AR,ICONIC ALL_101001-790,"12"" X 12"" Print + Frame (Black)",Print + Frame (Black),"12"" x 12""","ALL, ALL, ,,,State,,,ICONIC ALL",TRUE,13,1,"6, 6",manual,19.6,19.6,TRUE,TRUE,101001-790,https://drive.google.com/open?id=1pL1UbunvELSp_8L8zM1Q4LN68BOYmsxI,None,None,None,None,None,None,None,None,None,None,None,49,None,None,None,None,None,None,None,None,None,Applied Logic by ZM,SP+AR,TRUE,13,1,deny,manual,49,49,TRUE,TRUE,101001-790,None,None,None,None,None,None,None,None,None,None,None,None,None,None,None,None,None,None,None,None
13,G,101001,791,101001-791,ICONIC ALL,"12"" x 12"" Print + Frame (White)",Black & Gray,"ICONIC ALL - 12"" x 12"" Print + Frame (White) (Black & Gray)",Applied Logic by ZM,SP+AR,ICONIC ALL_101001-791,"12"" x 12"" Print + Frame (White)",Print + Frame (White),"12"" x 12""","ALL, ALL, ,,,State,,,ICONIC ALL",TRUE,13,1,"6, 6",manual,19.6,19.6,TRUE,TRUE,101001-791,https://drive.google.com/open?id=1pL1UbunvELSp_8L8zM1Q4LN68BOYmsxI,None,None,None,None,None,None,None,None,None,None,None,49,None,None,None,None,None,None,None,None,None,Applied Logic by ZM,SP+AR,TRUE,13,1,deny,manual,49,49,TRUE,TRUE,101001-791,None,None,None,None,None,None,None,None,None,None,None,None,None,None,None,None,None,None,None,None
13,H,101001,792,101001-792,ICONIC ALL,"18"" x 24"" Print + Frame (Black)",Black & Gray,"ICONIC ALL - 18"" x 24"" Print + Frame (Black) (Black & Gray)",Applied Logic by ZM,SP+AR,ICONIC ALL_101001-792,"18"" x 24"" Print + Frame (Black)",Print + Frame (Black),"18"" x 24""","ALL, ALL, ,,,State,,,ICONIC ALL",TRUE,20,1,"6, 6",manual,40,40,TRUE,TRUE,101001-792,https://drive.google.com/open?id=1pL1UbunvELSp_8L8zM1Q4LN68BOYmsxI,None,None,None,None,None,None,None,None,None,None,None,100,None,None,None,None,None,None,None,None,None,Applied Logic by ZM,SP+AR,TRUE,20,1,deny,manual,100,100,TRUE,TRUE,101001-792,None,None,None,None,None,None,None,None,None,None,None,None,None,None,None,None,None,None,None,None
13,I,101001,793,101001-793,ICONIC ALL,"18"" x 24"" Print + Frame (White)",Black & Gray,"ICONIC ALL - 18"" x 24"" Print + Frame (White) (Black & Gray)",Applied Logic by ZM,SP+AR,ICONIC ALL_101001-793,"18"" x 24"" Print + Frame (White)",Print + Frame (White),"18"" x 24""","ALL, ALL, ,,,State,,,ICONIC ALL",TRUE,20,1,"6, 6",manual,40,40,TRUE,TRUE,101001-793,https://drive.google.com/open?id=1pL1UbunvELSp_8L8zM1Q4LN68BOYmsxI,None,None,None,None,None,None,None,None,None,None,None,100,None,None,None,None,None,None,None,None,None,Applied Logic by ZM,SP+AR,TRUE,20,1,deny,manual,100,100,TRUE,TRUE,101001-793,None,None,None,None,None,None,None,None,None,None,None,None,None,None,None,None,None,None,None,None
19,A,141001,110,141001-110,ICONIC Arkansas,"Design Only, Digital File",Black & Gray,"ICONIC Arkansas - Design Only, Digital File (Black & Gray)",Applied Logic by ZM,DW,ICONIC Arkansas_141001-110,"Design Only, Digital File",Design Only,Digital File,"AR, Arkansas, ,,,State,,,ICONIC Arkansas",TRUE,0,1,", ",manual,0,0,TRUE,TRUE,141001-110,https://drive.google.com/open?id=1pL1UbunvELSp_8L8zM1Q4LN68BOYmsxI,None,None,None,None,None,None,None,None,None,None,None,0,None,None,None,None,None,None,None,None,None,Applied Logic by ZM,DW,TRUE,0,1,deny,manual,0,0,TRUE,TRUE,141001-110,None,None,None,None,None,None,None,None,None,None,None,None,None,None,None,None,None,None,None,None
19,B,141001,236,141001-236,ICONIC Arkansas,"Print, 12"" x 12""",Black & Gray,"ICONIC Arkansas - Print, 12"" x 12"" (Black & Gray)",Applied Logic by ZM,SP,ICONIC Arkansas_141001-236,"Print, 12"" x 12""",Print,"12"" x 12""","AR, Arkansas, ,,,State,,,ICONIC Arkansas",TRUE,3,1,"6, 6",manual,9.6,9.6,TRUE,TRUE,141001-236,https://drive.google.com/open?id=1pL1UbunvELSp_8L8zM1Q4LN68BOYmsxI,None,None,None,None,None,None,None,None,None,None,None,24,None,None,None,None,None,None,None,None,None,Applied Logic by ZM,SP,TRUE,3,1,deny,manual,24,24,TRUE,TRUE,141001-236,None,None,None,None,None,None,None,None,None,None,None,None,None,None,None,None,None,None,None,None
19,C,141001,241,141001-241,ICONIC Arkansas,"Print, 18"" x 24""",Black & Gray,"ICONIC Arkansas - Print, 18"" x 24"" (Black & Gray)",Applied Logic by ZM,SP,ICONIC Arkansas_141001-241,"Print, 18"" x 24""",Print,"18"" x 24""","AR, Arkansas, ,,,State,,,ICONIC Arkansas",TRUE,6,1,"6, 6",manual,14,14,TRUE,TRUE,141001-241,https://drive.google.com/open?id=1pL1UbunvELSp_8L8zM1Q4LN68BOYmsxI,None,None,None,None,None,None,None,None,None,None,None,35,None,None,None,None,None,None,None,None,None,Applied Logic by ZM,SP,TRUE,6,1,deny,manual,35,35,TRUE,TRUE,141001-241,None,None,None,None,None,None,None,None,None,None,None,None,None,None,None,None,None,None,None,None
19,D,141001,381,141001-381,ICONIC Arkansas,"Pallet Art, 10"" x 16""",Black & Gray,"ICONIC Arkansas - Pallet Art, 10"" x 16"" (Black & Gray)",Applied Logic by ZM,AR,ICONIC Arkansas_141001-381,"Pallet Art, 10"" x 16""",Pallet Art,"10"" x 16""","AR, Arkansas, ,,,State,,,ICONIC Arkansas",TRUE,12,1,"6, 6",manual,14,14,TRUE,TRUE,141001-381,https://drive.google.com/open?id=1pL1UbunvELSp_8L8zM1Q4LN68BOYmsxI,None,None,None,None,None,None,None,None,None,None,None,35,None,None,None,None,None,None,None,None,None,Applied Logic by ZM,AR,TRUE,12,1,deny,manual,35,35,TRUE,TRUE,141001-381,None,None,None,None,None,None,None,None,None,None,None,None,None,None,None,None,None,None,None,None
19,F,141001,790,141001-790,ICONIC Arkansas,"12"" X 12"" Print + Frame (Black)",Black & Gray,"ICONIC Arkansas - 12"" X 12"" Print + Frame (Black) (Black & Gray)",Applied Logic by ZM,SP+AR,ICONIC Arkansas_141001-790,"12"" X 12"" Print + Frame (Black)",Print + Frame (Black),"12"" x 12""","AR, Arkansas, ,,,State,,,ICONIC Arkansas",TRUE,13,1,"6, 6",manual,19.6,19.6,TRUE,TRUE,141001-790,https://drive.google.com/open?id=1pL1UbunvELSp_8L8zM1Q4LN68BOYmsxI,None,None,None,None,None,None,None,None,None,None,None,49,None,None,None,None,None,None,None,None,None,Applied Logic by ZM,SP+AR,TRUE,13,1,deny,manual,49,49,TRUE,TRUE,141001-790,None,None,None,None,None,None,None,None,None,None,None,None,None,None,None,None,None,None,None,None
19,G,141001,791,141001-791,ICONIC Arkansas,"12"" x 12"" Print + Frame (White)",Black & Gray,"ICONIC Arkansas - 12"" x 12"" Print + Frame (White) (Black & Gray)",Applied Logic by ZM,SP+AR,ICONIC Arkansas_141001-791,"12"" x 12"" Print + Frame (White)",Print + Frame (White),"12"" x 12""","AR, Arkansas, ,,,State,,,ICONIC Arkansas",TRUE,13,1,"6, 6",manual,19.6,19.6,TRUE,TRUE,141001-791,https://drive.google.com/open?id=1pL1UbunvELSp_8L8zM1Q4LN68BOYmsxI,None,None,None,None,None,None,None,None,None,None,None,49,None,None,None,None,None,None,None,None,None,Applied Logic by ZM,SP+AR,TRUE,13,1,deny,manual,49,49,TRUE,TRUE,141001-791,None,None,None,None,None,None,None,None,None,None,None,None,None,None,None,None,None,None,None,None
19,H,141001,792,141001-792,ICONIC Arkansas,"18"" x 24"" Print + Frame (Black)",Black & Gray,"ICONIC Arkansas - 18"" x 24"" Print + Frame (Black) (Black & Gray)",Applied Logic by ZM,SP+AR,ICONIC Arkansas_141001-792,"18"" x 24"" Print + Frame (Black)",Print + Frame (Black),"18"" x 24""","AR, Arkansas, ,,,State,,,ICONIC Arkansas",TRUE,20,1,"6, 6",manual,40,40,TRUE,TRUE,141001-792,https://drive.google.com/open?id=1pL1UbunvELSp_8L8zM1Q4LN68BOYmsxI,None,None,None,None,None,None,None,None,None,None,None,100,None,None,None,None,None,None,None,None,None,Applied Logic by ZM,SP+AR,TRUE,20,1,deny,manual,100,100,TRUE,TRUE,141001-792,None,None,None,None,None,None,None,None,None,None,None,None,None,None,None,None,None,None,None,None
19,I,141001,793,141001-793,ICONIC Arkansas,"18"" x 24"" Print + Frame (White)",Black & Gray,"ICONIC Arkansas - 18"" x 24"" Print + Frame (White) (Black & Gray)",Applied Logic by ZM,SP+AR,ICONIC Arkansas_141001-793,"18"" x 24"" Print + Frame (White)",Print + Frame (White),"18"" x 24""","AR, Arkansas, ,,,State,,,ICONIC Arkansas",TRUE,20,1,"6, 6",manual,40,40,TRUE,TRUE,141001-793,https://drive.google.com/open?id=1pL1UbunvELSp_8L8zM1Q4LN68BOYmsxI,None,None,None,None,None,None,None,None,None,None,None,100,None,None,None,None,None,None,None,None,None,Applied Logic by ZM,SP+AR,TRUE,20,1,deny,manual,100,100,TRUE,TRUE,141001-793,None,None,None,None,None,None,None,None,None,None,None,None,None,None,None,None,None,None,None,None
25,A,131001,110,131001-110,ICONIC Arizona,"Design Only, Digital File",Black & Gray,"ICONIC Arizona - Design Only, Digital File (Black & Gray)",Applied Logic by ZM,DW,ICONIC Arizona_131001-110,"Design Only, Digital File",Design Only,Digital File,"AZ, Arizona, ,,,State,,,ICONIC Arizona",TRUE,0,1,", ",manual,0,0,TRUE,TRUE,131001-110,https://drive.google.com/open?id=1pL1UbunvELSp_8L8zM1Q4LN68BOYmsxI,None,None,None,None,None,None,None,None,None,None,None,0,None,None,None,None,None,None,None,None,None,Applied Logic by ZM,DW,TRUE,0,1,deny,manual,0,0,TRUE,TRUE,131001-110,None,None,None,None,None,None,None,None,None,None,None,None,None,None,None,None,None,None,None,None
25,B,131001,236,131001-236,ICONIC Arizona,"Print, 12"" x 12""",Black & Gray,"ICONIC Arizona - Print, 12"" x 12"" (Black & Gray)",Applied Logic by ZM,SP,ICONIC Arizona_131001-236,"Print, 12"" x 12""",Print,"12"" x 12""","AZ, Arizona, ,,,State,,,ICONIC Arizona",TRUE,3,1,"6, 6",manual,9.6,9.6,TRUE,TRUE,131001-236,https://drive.google.com/open?id=1pL1UbunvELSp_8L8zM1Q4LN68BOYmsxI,None,None,None,None,None,None,None,None,None,None,None,24,None,None,None,None,None,None,None,None,None,Applied Logic by ZM,SP,TRUE,3,1,deny,manual,24,24,TRUE,TRUE,131001-236,None,None,None,None,None,None,None,None,None,None,None,None,None,None,None,None,None,None,None,None
25,C,131001,241,131001-241,ICONIC Arizona,"Print, 18"" x 24""",Black & Gray,"ICONIC Arizona - Print, 18"" x 24"" (Black & Gray)",Applied Logic by ZM,SP,ICONIC Arizona_131001-241,"Print, 18"" x 24""",Print,"18"" x 24""","AZ, Arizona, ,,,State,,,ICONIC Arizona",TRUE,6,1,"6, 6",manual,14,14,TRUE,TRUE,131001-241,https://drive.google.com/open?id=1pL1UbunvELSp_8L8zM1Q4LN68BOYmsxI,None,None,None,None,None,None,None,None,None,None,None,35,None,None,None,None,None,None,None,None,None,Applied Logic by ZM,SP,TRUE,6,1,deny,manual,35,35,TRUE,TRUE,131001-241,None,None,None,None,None,None,None,None,None,None,None,None,None,None,None,None,None,None,None,None
25,D,131001,381,131001-381,ICONIC Arizona,"Pallet Art, 10"" x 16""",Black & Gray,"ICONIC Arizona - Pallet Art, 10"" x 16"" (Black & Gray)",Applied Logic by ZM,AR,ICONIC Arizona_131001-381,"Pallet Art, 10"" x 16""",Pallet Art,"10"" x 16""","AZ, Arizona, ,,,State,,,ICONIC Arizona",TRUE,12,1,"6, 6",manual,14,14,TRUE,TRUE,131001-381,https://drive.google.com/open?id=1pL1UbunvELSp_8L8zM1Q4LN68BOYmsxI,None,None,None,None,None,None,None,None,None,None,None,35,None,None,None,None,None,None,None,None,None,Applied Logic by ZM,AR,TRUE,12,1,deny,manual,35,35,TRUE,TRUE,131001-381,None,None,None,None,None,None,None,None,None,None,None,None,None,None,None,None,None,None,None,None
25,F,131001,790,131001-790,ICONIC Arizona,"12"" X 12"" Print + Frame (Black)",Black & Gray,"ICONIC Arizona - 12"" X 12"" Print + Frame (Black) (Black & Gray)",Applied Logic by ZM,SP+AR,ICONIC Arizona_131001-790,"12"" X 12"" Print + Frame (Black)",Print + Frame (Black),"12"" x 12""","AZ, Arizona, ,,,State,,,ICONIC Arizona",TRUE,13,1,"6, 6",manual,19.6,19.6,TRUE,TRUE,131001-790,https://drive.google.com/open?id=1pL1UbunvELSp_8L8zM1Q4LN68BOYmsxI,None,None,None,None,None,None,None,None,None,None,None,49,None,None,None,None,None,None,None,None,None,Applied Logic by ZM,SP+AR,TRUE,13,1,deny,manual,49,49,TRUE,TRUE,131001-790,None,None,None,None,None,None,None,None,None,None,None,None,None,None,None,None,None,None,None,None
25,G,131001,791,131001-791,ICONIC Arizona,"12"" x 12"" Print + Frame (White)",Black & Gray,"ICONIC Arizona - 12"" x 12"" Print + Frame (White) (Black & Gray)",Applied Logic by ZM,SP+AR,ICONIC Arizona_131001-791,"12"" x 12"" Print + Frame (White)",Print + Frame (White),"12"" x 12""","AZ, Arizona, ,,,State,,,ICONIC Arizona",TRUE,13,1,"6, 6",manual,19.6,19.6,TRUE,TRUE,131001-791,https://drive.google.com/open?id=1pL1UbunvELSp_8L8zM1Q4LN68BOYmsxI,None,None,None,None,None,None,None,None,None,None,None,49,None,None,None,None,None,None,None,None,None,Applied Logic by ZM,SP+AR,TRUE,13,1,deny,manual,49,49,TRUE,TRUE,131001-791,None,None,None,None,None,None,None,None,None,None,None,None,None,None,None,None,None,None,None,None
25,H,131001,792,131001-792,ICONIC Arizona,"18"" x 24"" Print + Frame (Black)",Black & Gray,"ICONIC Arizona - 18"" x 24"" Print + Frame (Black) (Black & Gray)",Applied Logic by ZM,SP+AR,ICONIC Arizona_131001-792,"18"" x 24"" Print + Frame (Black)",Print + Frame (Black),"18"" x 24""","AZ, Arizona, ,,,State,,,ICONIC Arizona",TRUE,20,1,"6, 6",manual,40,40,TRUE,TRUE,131001-792,https://drive.google.com/open?id=1pL1UbunvELSp_8L8zM1Q4LN68BOYmsxI,None,None,None,None,None,None,None,None,None,None,None,100,None,None,None,None,None,None,None,None,None,Applied Logic by ZM,SP+AR,TRUE,20,1,deny,manual,100,100,TRUE,TRUE,131001-792,None,None,None,None,None,None,None,None,None,None,None,None,None,None,None,None,None,None,None,None
25,I,131001,793,131001-793,ICONIC Arizona,"18"" x 24"" Print + Frame (White)",Black & Gray,"ICONIC Arizona - 18"" x 24"" Print + Frame (White) (Black & Gray)",Applied Logic by ZM,SP+AR,ICONIC Arizona_131001-793,"18"" x 24"" Print + Frame (White)",Print + Frame (White),"18"" x 24""","AZ, Arizona, ,,,State,,,ICONIC Arizona",TRUE,20,1,"6, 6",manual,40,40,TRUE,TRUE,131001-793,https://drive.google.com/open?id=1pL1UbunvELSp_8L8zM1Q4LN68BOYmsxI,None,None,None,None,None,None,None,None,None,None,None,100,None,None,None,None,None,None,None,None,None,Applied Logic by ZM,SP+AR,TRUE,20,1,deny,manual,100,100,TRUE,TRUE,131001-793,None,None,None,None,None,None,None,None,None,None,None,None,None,None,None,None,None,None,None,None
31,A,151001,110,151001-110,ICONIC California,"Design Only, Digital File",Black & Gray,"ICONIC California - Design Only, Digital File (Black & Gray)",Applied Logic by ZM,DW,ICONIC California_151001-110,"Design Only, Digital File",Design Only,Digital File,"CA, California, ,,,State,,,ICONIC California",TRUE,0,1,", ",manual,0,0,TRUE,TRUE,151001-110,https://drive.google.com/open?id=1pL1UbunvELSp_8L8zM1Q4LN68BOYmsxI,None,None,None,None,None,None,None,None,None,None,None,0,None,None,None,None,None,None,None,None,None,Applied Logic by ZM,DW,TRUE,0,1,deny,manual,0,0,TRUE,TRUE,151001-110,None,None,None,None,None,None,None,None,None,None,None,None,None,None,None,None,None,None,None,None
31,B,151001,236,151001-236,ICONIC California,"Print, 12"" x 12""",Black & Gray,"ICONIC California - Print, 12"" x 12"" (Black & Gray)",Applied Logic by ZM,SP,ICONIC California_151001-236,"Print, 12"" x 12""",Print,"12"" x 12""","CA, California, ,,,State,,,ICONIC California",TRUE,3,1,"6, 6",manual,9.6,9.6,TRUE,TRUE,151001-236,https://drive.google.com/open?id=1pL1UbunvELSp_8L8zM1Q4LN68BOYmsxI,None,None,None,None,None,None,None,None,None,None,None,24,None,None,None,None,None,None,None,None,None,Applied Logic by ZM,SP,TRUE,3,1,deny,manual,24,24,TRUE,TRUE,151001-236,None,None,None,None,None,None,None,None,None,None,None,None,None,None,None,None,None,None,None,None
31,C,151001,241,151001-241,ICONIC California,"Print, 18"" x 24""",Black & Gray,"ICONIC California - Print, 18"" x 24"" (Black & Gray)",Applied Logic by ZM,SP,ICONIC California_151001-241,"Print, 18"" x 24""",Print,"18"" x 24""","CA, California, ,,,State,,,ICONIC California",TRUE,6,1,"6, 6",manual,14,14,TRUE,TRUE,151001-241,https://drive.google.com/open?id=1pL1UbunvELSp_8L8zM1Q4LN68BOYmsxI,None,None,None,None,None,None,None,None,None,None,None,35,None,None,None,None,None,None,None,None,None,Applied Logic by ZM,SP,TRUE,6,1,deny,manual,35,35,TRUE,TRUE,151001-241,None,None,None,None,None,None,None,None,None,None,None,None,None,None,None,None,None,None,None,None
31,D,151001,381,151001-381,ICONIC California,"Pallet Art, 10"" x 16""",Black & Gray,"ICONIC California - Pallet Art, 10"" x 16"" (Black & Gray)",Applied Logic by ZM,AR,ICONIC California_151001-381,"Pallet Art, 10"" x 16""",Pallet Art,"10"" x 16""","CA, California, ,,,State,,,ICONIC California",TRUE,12,1,"6, 6",manual,14,14,TRUE,TRUE,151001-381,https://drive.google.com/open?id=1pL1UbunvELSp_8L8zM1Q4LN68BOYmsxI,None,None,None,None,None,None,None,None,None,None,None,35,None,None,None,None,None,None,None,None,None,Applied Logic by ZM,AR,TRUE,12,1,deny,manual,35,35,TRUE,TRUE,151001-381,None,None,None,None,None,None,None,None,None,None,None,None,None,None,None,None,None,None,None,None
31,F,151001,790,151001-790,ICONIC California,"12"" X 12"" Print + Frame (Black)",Black & Gray,"ICONIC California - 12"" X 12"" Print + Frame (Black) (Black & Gray)",Applied Logic by ZM,SP+AR,ICONIC California_151001-790,"12"" X 12"" Print + Frame (Black)",Print + Frame (Black),"12"" x 12""","CA, California, ,,,State,,,ICONIC California",TRUE,13,1,"6, 6",manual,19.6,19.6,TRUE,TRUE,151001-790,https://drive.google.com/open?id=1pL1UbunvELSp_8L8zM1Q4LN68BOYmsxI,None,None,None,None,None,None,None,None,None,None,None,49,None,None,None,None,None,None,None,None,None,Applied Logic by ZM,SP+AR,TRUE,13,1,deny,manual,49,49,TRUE,TRUE,151001-790,None,None,None,None,None,None,None,None,None,None,None,None,None,None,None,None,None,None,None,None
31,G,151001,791,151001-791,ICONIC California,"12"" x 12"" Print + Frame (White)",Black & Gray,"ICONIC California - 12"" x 12"" Print + Frame (White) (Black & Gray)",Applied Logic by ZM,SP+AR,ICONIC California_151001-791,"12"" x 12"" Print + Frame (White)",Print + Frame (White),"12"" x 12""","CA, California, ,,,State,,,ICONIC California",TRUE,13,1,"6, 6",manual,19.6,19.6,TRUE,TRUE,151001-791,https://drive.google.com/open?id=1pL1UbunvELSp_8L8zM1Q4LN68BOYmsxI,None,None,None,None,None,None,None,None,None,None,None,49,None,None,None,None,None,None,None,None,None,Applied Logic by ZM,SP+AR,TRUE,13,1,deny,manual,49,49,TRUE,TRUE,151001-791,None,None,None,None,None,None,None,None,None,None,None,None,None,None,None,None,None,None,None,None
31,H,151001,792,151001-792,ICONIC California,"18"" x 24"" Print + Frame (Black)",Black & Gray,"ICONIC California - 18"" x 24"" Print + Frame (Black) (Black & Gray)",Applied Logic by ZM,SP+AR,ICONIC California_151001-792,"18"" x 24"" Print + Frame (Black)",Print + Frame (Black),"18"" x 24""","CA, California, ,,,State,,,ICONIC California",TRUE,20,1,"6, 6",manual,40,40,TRUE,TRUE,151001-792,https://drive.google.com/open?id=1pL1UbunvELSp_8L8zM1Q4LN68BOYmsxI,None,None,None,None,None,None,None,None,None,None,None,100,None,None,None,None,None,None,None,None,None,Applied Logic by ZM,SP+AR,TRUE,20,1,deny,manual,100,100,TRUE,TRUE,151001-792,None,None,None,None,None,None,None,None,None,None,None,None,None,None,None,None,None,None,None,None